{
    "groups": {
    },
    "settings": {
        "62882006194598@s.whatsapp.net": {
            "autoai": true,
            "hittime": 0,
            "mods": [
            ],
            "self": false
        }
    },
    "stats": {
        "failed": 27,
        "success": 63,
        "today": 90,
        "total": 90
    },
    "users": {
        "62895371549895@s.whatsapp.net": {
            "afk": -1,
            "afkReason": "",
            "age": 20,
            "ai": false,
            "banned": false,
            "exp": 350,
            "level": 0,
            "limit": 10,
            "name": "moe",
            "premium": false,
            "premiumTime": 0,
            "registered": true,
            "registeredTime": 0
        },
        "62895375950107@s.whatsapp.net": {
            "afk": -1,
            "afkReason": "",
            "age": 0,
            "ai": false,
            "banned": false,
            "exp": 0,
            "level": 0,
            "limit": 10,
            "name": "TES BOT",
            "premium": false,
            "premiumTime": 0,
            "registered": false,
            "registeredTime": 0
        },
        "6289654279897@s.whatsapp.net": {
            "afk": -1,
            "afkReason": "",
            "age": 28,
            "ai": false,
            "banned": false,
            "exp": 320,
            "level": 0,
            "limit": 10,
            "name": "moexti",
            "premium": false,
            "premiumTime": 0,
            "registered": true,
            "registeredTime": 0
        }
    }
}