{
    "120363355619376638@g.us": {
        "announce": false,
        "creation": 1733139412,
        "id": "120363355619376638@g.us",
        "isCommunity": false,
        "isCommunityAnnounce": false,
        "joinApprovalMode": false,
        "memberAddMode": true,
        "owner": "6289654279897@s.whatsapp.net",
        "participants": [
            {
                "admin": "admin",
                "id": "62882006194598@s.whatsapp.net"
            },
            {
                "admin": "admin",
                "id": "62895375950107@s.whatsapp.net"
            },
            {
                "admin": "superadmin",
                "id": "6289654279897@s.whatsapp.net"
            }
        ],
        "restrict": false,
        "size": 3,
        "subject": "Tes",
        "subjectOwner": "6289654279897@s.whatsapp.net",
        "subjectTime": 1733139412
    },
    "120363382736772051@g.us": {
        "announce": false,
        "creation": 1734766154,
        "id": "120363382736772051@g.us",
        "isCommunity": false,
        "isCommunityAnnounce": false,
        "joinApprovalMode": false,
        "memberAddMode": true,
        "owner": "62882006194598@s.whatsapp.net",
        "participants": [
            {
                "admin": "superadmin",
                "id": "62882006194598@s.whatsapp.net"
            },
            {
                "admin": null,
                "id": "62895371549895@s.whatsapp.net"
            },
            {
                "admin": null,
                "id": "62895375950107@s.whatsapp.net"
            },
            {
                "admin": null,
                "id": "6289654279897@s.whatsapp.net"
            }
        ],
        "restrict": false,
        "size": 4,
        "subject": "Grup Bot Whatsapp",
        "subjectOwner": "62882006194598@s.whatsapp.net",
        "subjectTime": 1734766154
    }
}