{"version":4,"hash":{"type":"Buffer","data":"/ixyKMKb+JgFQVgHJfnjTVRNkkk1sr4bW5pQto5ZWxi6j8P93BELgUoh72CjZBs+1Nj+iyVz+3R31lBlFyeB5I6Sq3TSksZWg7HbEW4RvKN8UgdklFnZhboIu4NlXJRJDoXtfRyxXNyXUkN0uq7vYpnYSDRtFAG1H+tgENVRda0="},"indexValueMap":{"ApA7GMX6r6LHOx2jPX08VjeIAXKqr1rhsH8CQCG6zS4=":{"valueMac":{"type":"Buffer","data":"0U9YMmVNm4ohoJ9mU4loTGaa6olSRyYY/UOXq48TwGk="}},"O+5Lz/NT5kb+eoxZXJeDGNMrHq4jc4F6NcDSgzagERg=":{"valueMac":{"type":"Buffer","data":"goiN3oq07z7IPgjmqrINfAfMgaliuCg4uJmxtUAVJZM="}},"WHQ1a4hF/2EVCMUt8wj4CAsGnmb9pp7/26rW1o1IDjk=":{"valueMac":{"type":"Buffer","data":"WAPb1THTNpfRL9WKkJbMrymiMHQ4L8eXVKaquweuWMc="}},"p4zNZIf6KiWeMuDzT84ou0VJq0nJvQZM9+Apif4wqZ0=":{"valueMac":{"type":"Buffer","data":"h12cpPck3G5uiCvnHiprGBBQUvWqbkx75EG7ccyVIX4="}},"tu5brEEz1PJ9UtNVzvwH6HL1sIxfb1UJtpmn7Dxk7ss=":{"valueMac":{"type":"Buffer","data":"epA0MJjaYwsYPDELQqCiiJnShEy4bpeFtd1din9xgkc="}},"2BMxfen2R5Ete0c9akXRvlc3SmUzqrkYfiLVer4M+1o=":{"valueMac":{"type":"Buffer","data":"s32qiIgNK3o7WWfXBtqR89gEJKRErcH/4CqbibAl6zo="}}}}