{"version":1,"hash":{"type":"Buffer","data":"FS/1qmBz6L2OPD2sT5LTELL7+pogiDrnKbLHPS3KK4BygcIlna7QlRFWCyIUXOTLIfYGstc6iVwiO1mIyMehoauZT0QH6/jVQ14KreARQjSWn1cIF/kwRww2LoAkWGbf3PYPTNWcU7/AnDiyFfrRjlOZN6SBeckQ5o86Z4PAvsA="},"indexValueMap":{"tFapB7G1Vbs3tBStKI3YJ9DO1nYcNNKTY7ZJyJcnUUM=":{"valueMac":{"type":"Buffer","data":"aLBI1L3rsBdcqfwabLu1Vx3ZK1IVePk+dMBm8VDMCVo="}},"5xRkf3apEklt1W/T+OTa71UuFpud/mpS06X5x6Y8BWo=":{"valueMac":{"type":"Buffer","data":"YOcWjwE2lbC+y4+tHDozi6e+1EGQXhIW3IPZUD6PxQA="}}}}