{"version":1,"hash":{"type":"Buffer","data":"nGEQ9bhNbH+aC9cORPjXJWbN1WNOseYiTSfNRPFUawhykhfHOo/N3OHQ6hko41QotdsGRfoTll2J80EFFxijW2Ealz8nz7zpPbSCni9VkFzkOSB976ReiJnDAboGAfkrIcEu5vI+/wdl/Ald8aIRmvmpWTYv87drb6/YA1CGDvw="},"indexValueMap":{"VG/OmPA9O8QzDx9OtJkRFvH/+qqm2SVKXYrR7PyjqKE=":{"valueMac":{"type":"Buffer","data":"TclOvgwdvKbjDF2H/o5UJtbN1B2wYSKFIugUT4P/x6c="}},"9yi67pFt9UDEJpZmOEPzHVBPTaWC0/yuPAOQWoESRSk=":{"valueMac":{"type":"Buffer","data":"V3dGdJ9RvYUC3ox7VNk38SSTo4bqR0oxnU9R1G6/UOQ="}}}}