{"noiseKey":{"private":{"type":"Buffer","data":"+E/V2IPV8SEbX0CC2lqWt99Vc3MRxu83WfzHmWW8RkI="},"public":{"type":"Buffer","data":"zXktUXqvmMtKEe7kRj8M/tmaBfyigg6BQgFSyFvCr0U="}},"pairingEphemeralKeyPair":{"private":{"type":"Buffer","data":"SK2QFws5VRw3mZQLUvTjmMzvD5ASFznpMzt7E22S2XY="},"public":{"type":"Buffer","data":"azX+58Sb/cnIO+JjPtQ8PRpr+RmhvxPsCLDh5mXqD1E="}},"signedIdentityKey":{"private":{"type":"Buffer","data":"KDmINfdnG4Dg4Fk12GpeHwTq0mir9P5gTHilVZrzCV4="},"public":{"type":"Buffer","data":"R08LAL6SSHbilevPLvPKL+L2CXyKMKpncfyqNxJSgx0="}},"signedPreKey":{"keyPair":{"private":{"type":"Buffer","data":"oELJurw7NgO0DSicRx/eBC7PCUL8rdLao3qZD9UpQWM="},"public":{"type":"Buffer","data":"gOP8jBbVMX6QWsXZwhvLD9gAozZQZ5M0xpEoJG1iuwU="}},"signature":{"type":"Buffer","data":"PCuVwFzbCz2UmGl2nTaFtRBVBAr/1EP5MT5uiSUd/MnenFN04tfOJcdBW4QGWHhSo1kM7PLCMplEQyfCnslWhg=="},"keyId":1},"registrationId":241,"advSecretKey":"daEWceaybjslQaJkSR2QmCol6ATUPemF33QIgrD3+ng=","processedHistoryMessages":[{"key":{"remoteJid":"62882006194598@s.whatsapp.net","fromMe":true,"id":"E3A7C220E44553772C90B233C5BBEC7E"},"messageTimestamp":1737957933},{"key":{"remoteJid":"62882006194598@s.whatsapp.net","fromMe":true,"id":"D60A215CE173B4ECD5B26F0C18B41652"},"messageTimestamp":1737957934},{"key":{"remoteJid":"62882006194598@s.whatsapp.net","fromMe":true,"id":"7CE465809826AF1BB528B48F06853B46"},"messageTimestamp":1737957934},{"key":{"remoteJid":"62882006194598@s.whatsapp.net","fromMe":true,"id":"8CE68C1D8C6D4855EF8E4832C9B0F100"},"messageTimestamp":1737957935}],"nextPreKeyId":31,"firstUnuploadedPreKeyId":31,"accountSyncCounter":1,"accountSettings":{"unarchiveChats":false},"registered":true,"pairingCode":"4SYSTCDV","me":{"id":"62882006194598:93@s.whatsapp.net","lid":"102989440266456:93@lid","name":"AI BE"},"account":{"details":"CJ6Ry9sDEKbE3LwGGAIgACgA","accountSignatureKey":"SzCfQTcm0xPHdkJivWkB7zOTorO8MvKs9LrjS27lBgM=","accountSignature":"Ki7teMo109+PMTF2MM6WApkWiA02DOErmX+EqsZ6DlEKSmdl3bCUhwb3Xsm43yZJ14/4jO7V0NT+8HsRu27JAg==","deviceSignature":"Zo32B7gUAtZMdU/M+zqwWCc3CaB8R87TuOEsHkfTMq9lPXx2KawvWBAn8AwGXZwdba4gKHNHBsRtCF7kYr2yhQ=="},"signalIdentities":[{"identifier":{"name":"62882006194598:93@s.whatsapp.net","deviceId":0},"identifierKey":{"type":"Buffer","data":"BUswn0E3JtMTx3ZCYr1pAe8zk6KzvDLyrPS640tu5QYD"}}],"platform":"android","routingInfo":{"type":"Buffer","data":"CA0IEg=="},"lastAccountSyncTimestamp":1737958012,"lastPropHash":"1K4hH4","myAppStateKeyId":"AAAAABff"}