{"_sessions":{"BZWvVbmFDibHoEd87/de6s7vme9HDt5MgYdd7MqgId04":{"registrationId":92,"currentRatchet":{"ephemeralKeyPair":{"pubKey":"BVJh4GCfruRVJpgTwjcTzHkzZWhe9qYGsSNUBrdzDcoQ","privKey":"YAdQ0AwWIUA/Fmp/2T1vRtqmO3ik7fYoGSGbIxkdCUk="},"lastRemoteEphemeralKey":"BbBHJ2cIM4722TZedZwd9OgZSXjLCO/2tDNhTF46+7pK","previousCounter":0,"rootKey":"//mUg+esTSkeiIfgMcgtU96SduoaX0PqBYTHaD9E3/Y="},"indexInfo":{"baseKey":"BZWvVbmFDibHoEd87/de6s7vme9HDt5MgYdd7MqgId04","baseKeyType":1,"closed":1738018164733,"used":1738018163571,"created":1738018163571,"remoteIdentityKey":"Bd2F2BTYUEiJSmL1PtOtGEIzU8ySLKEPcaFwejOT0EtO"},"_chains":{"BVJh4GCfruRVJpgTwjcTzHkzZWhe9qYGsSNUBrdzDcoQ":{"chainKey":{"counter":0,"key":"EnvDbYe/Hkf6QcD7a79oGaFrQAZuIP1IpBNoukv+Z24="},"chainType":1,"messageKeys":{}}},"pendingPreKey":{"signedKeyId":1,"baseKey":"BZWvVbmFDibHoEd87/de6s7vme9HDt5MgYdd7MqgId04","preKeyId":3}},"BY+xzaXfiiHjESWLSeLxiCI2Rrl0baUMw6aojfEDGFk6":{"registrationId":92,"currentRatchet":{"ephemeralKeyPair":{"pubKey":"BTHkQqI2sAnR2p1sznvTfRG4iheUkyi5d6j0aYCKpJlV","privKey":"aFNlhzT0XbS/O3MEhVuKlFRNxNDxXYRjYuzopbPe90M="},"lastRemoteEphemeralKey":"BWzvfA9SkcSRt0ILL7i7S3mmSWffHW2D2sHB2uHe061H","previousCounter":0,"rootKey":"lPt6tERFt6FkDzj9GK1i/VU4x8/nuZovL9SwLdSDE9I="},"indexInfo":{"baseKey":"BY+xzaXfiiHjESWLSeLxiCI2Rrl0baUMw6aojfEDGFk6","baseKeyType":2,"closed":-1,"used":1738018164737,"created":1738018164737,"remoteIdentityKey":"Bd2F2BTYUEiJSmL1PtOtGEIzU8ySLKEPcaFwejOT0EtO"},"_chains":{"BWzvfA9SkcSRt0ILL7i7S3mmSWffHW2D2sHB2uHe061H":{"chainKey":{"counter":187,"key":"0YrXRttfzu1HkwgAiXGgqTmKZDXTDzxj3Xuay5ri0sg="},"chainType":2,"messageKeys":{}},"BTHkQqI2sAnR2p1sznvTfRG4iheUkyi5d6j0aYCKpJlV":{"chainKey":{"counter":32,"key":"p6TrynUYwFtvPETm99AuyYoVnLQRx0GskEUFeZScxOk="},"chainType":1,"messageKeys":{}}}}},"version":"v1"}