{"_sessions":{"BRFQ2llxou5hKdnj29BuWREA7G5uMAJiLXv8u2D+qFgQ":{"registrationId":1697565116,"currentRatchet":{"ephemeralKeyPair":{"pubKey":"BbFmCq4evIRtTiVACUZx1cM2119ShdomHhhev/8Dgthg","privKey":"2F9FzXC6tZlNMeuM8TpGkb5mk5EwEZPShpzRHn/Dl2Q="},"lastRemoteEphemeralKey":"BYNgl5uEVuFXlcWould3NBAKTc2IfivD9VHKjsqrdFNP","previousCounter":0,"rootKey":"o7TmN289cYL3EEgombNH/fY5jkuDkwM3GKtN6ufLP4s="},"indexInfo":{"baseKey":"BRFQ2llxou5hKdnj29BuWREA7G5uMAJiLXv8u2D+qFgQ","baseKeyType":1,"closed":1737957930977,"used":1737957935757,"created":1737957930797,"remoteIdentityKey":"BUswn0E3JtMTx3ZCYr1pAe8zk6KzvDLyrPS640tu5QYD"},"_chains":{"BYNgl5uEVuFXlcWould3NBAKTc2IfivD9VHKjsqrdFNP":{"chainKey":{"counter":6,"key":"eesmHMVsg2GsyIbCHcpkPLC9x5itTTfR85Ae3zwaH2U="},"chainType":2,"messageKeys":{}},"BbFmCq4evIRtTiVACUZx1cM2119ShdomHhhev/8Dgthg":{"chainKey":{"counter":-1,"key":"/e14LNLKhq6zcAlrHNNvDq1VjigXMpE2kPGddZq6NPg="},"chainType":1,"messageKeys":{}}}},"BUuQjjp75wR2CMyEeViu1hVGnbl8qbbi8MSZLcS8kqg1":{"registrationId":1697565116,"currentRatchet":{"ephemeralKeyPair":{"pubKey":"BaDq6u8Md9Eek/r4Elni0IMoMU0dbagh7kab9PIRMSl2","privKey":"UM1uGkPMfyq95TgwChAsI5Y2Z1DeutNp/EeftSPpRmw="},"lastRemoteEphemeralKey":"BYNgl5uEVuFXlcWould3NBAKTc2IfivD9VHKjsqrdFNP","previousCounter":-1,"rootKey":"nlzWxlOC6k8ObqnsNh7FLWrUGcFx2I+1Qud6TNQavVc="},"indexInfo":{"baseKey":"BUuQjjp75wR2CMyEeViu1hVGnbl8qbbi8MSZLcS8kqg1","baseKeyType":2,"closed":1737958014774,"used":1737957930981,"created":1737957930981,"remoteIdentityKey":"BUswn0E3JtMTx3ZCYr1pAe8zk6KzvDLyrPS640tu5QYD"},"_chains":{"BWjb7A6FjSK6VxKoubog1KPdsuFtNpT9WOZB+f56qqVx":{"chainKey":{"counter":1},"chainType":2,"messageKeys":{}},"BYNgl5uEVuFXlcWould3NBAKTc2IfivD9VHKjsqrdFNP":{"chainKey":{"counter":0,"key":"RkKWF5u3b8lw92nV2AyRIdcN7l477nZ/5dbGuWftWgE="},"chainType":2,"messageKeys":{}},"BaDq6u8Md9Eek/r4Elni0IMoMU0dbagh7kab9PIRMSl2":{"chainKey":{"counter":0,"key":"82Q69IKkkv1qQ2xjFjytl3NpWfKxCK/KHF977zOwCBQ="},"chainType":1,"messageKeys":{}}}},"BffDMdv0vgp2YFDXeFEijszTNlPRMWh4x56hqTS9DDZo":{"registrationId":1697565116,"currentRatchet":{"ephemeralKeyPair":{"pubKey":"BR3fv0OqLnByQe0y76OLoFpBIzMp+7BiS+XSLxOD2W4M","privKey":"QJ7IPIhx2++GUesvEUZjJSMTeB3aUwgAmmiRQgd/lVU="},"lastRemoteEphemeralKey":"BZrPlJAePqRb0BdbFh9Adcgk9ImHruzl1MExRbR4hO8n","previousCounter":0,"rootKey":"mfc7tBuyeVCLuR7TD+d/iJs24sLGD3PnIYaH9fFbMgs="},"indexInfo":{"baseKey":"BffDMdv0vgp2YFDXeFEijszTNlPRMWh4x56hqTS9DDZo","baseKeyType":1,"closed":-1,"used":1738018196056,"created":1737958014765,"remoteIdentityKey":"BUswn0E3JtMTx3ZCYr1pAe8zk6KzvDLyrPS640tu5QYD"},"_chains":{"BWvCveImmBN2BqcFzmRtZGVJ0Gejnk7/OvaRRZVpRHF0":{"chainKey":{"counter":0},"chainType":2,"messageKeys":{}},"BQFLI1WIbCVS/pe5xxBA82kaITiQsUUscfd5DoONpsU9":{"chainKey":{"counter":0},"chainType":2,"messageKeys":{}},"BUHYCCNzLakQXID/ZqBx0U2G+jDGKCzkr7sKfVvwNTxw":{"chainKey":{"counter":0},"chainType":2,"messageKeys":{}},"BZH8ImIAYyDUNxQVuQ1z/LPUhM4C0YE1Jooh9mz6z8Bx":{"chainKey":{"counter":0},"chainType":2,"messageKeys":{}},"BfPD4xftNhprcHqjrrSRTZRwi41K8MeW6i7vZINg+glD":{"chainKey":{"counter":0},"chainType":2,"messageKeys":{}},"BZrPlJAePqRb0BdbFh9Adcgk9ImHruzl1MExRbR4hO8n":{"chainKey":{"counter":0,"key":"oGOAQujn6OdqbKGChM6MG66tQNGiH1hoEm1sR9CMgPY="},"chainType":2,"messageKeys":{}},"BR3fv0OqLnByQe0y76OLoFpBIzMp+7BiS+XSLxOD2W4M":{"chainKey":{"counter":32,"key":"/l3jzhXPLuLzzB/5DN9hnF6kueY7v29wvG11ww0dvcE="},"chainType":1,"messageKeys":{}}}}},"version":"v1"}