{"_sessions":{"Be2djL+2Dd/niGtEz3RYhw7KkYeNS+9L9UkmCXqYJbsV":{"registrationId":3,"currentRatchet":{"ephemeralKeyPair":{"pubKey":"Bf7FjDbSXBtjJRLfVFo+FHgpLTS5nlmNmMLvhpuQaoI/","privKey":"IAHO92GiFvkyISZs6VVgRJnJGanko2RGxg4iax2s1FY="},"lastRemoteEphemeralKey":"BcBN5E7tfuq8RkrA7U5seGVnjLwx8sKtHB1c5s0qitx3","previousCounter":0,"rootKey":"cfTIC4snk7W/N/AQ7+XmmF7TlLHllqFReoM4YoTdYNI="},"indexInfo":{"baseKey":"Be2djL+2Dd/niGtEz3RYhw7KkYeNS+9L9UkmCXqYJbsV","baseKeyType":2,"closed":1738018163619,"used":1738018163593,"created":1738018163593,"remoteIdentityKey":"BRmfdXXOhOOsCSBWl4Bq38rvDyR4sXsmacluTZmvTthg"},"_chains":{"BcBN5E7tfuq8RkrA7U5seGVnjLwx8sKtHB1c5s0qitx3":{"chainKey":{"counter":39,"key":"K/TFaRTtJgOJ13ecqW4EquKFft3zOwqQgstU3ruaLbo="},"chainType":2,"messageKeys":{}},"Bf7FjDbSXBtjJRLfVFo+FHgpLTS5nlmNmMLvhpuQaoI/":{"chainKey":{"counter":-1,"key":"MKknr728kThKvGMcI1efCQYzbheYqPIK122rzsrCX5M="},"chainType":1,"messageKeys":{}}}},"BTMxOM6OqlkdPlUgIIphANveqlaEm3XY/H313dy0jNwN":{"registrationId":3,"currentRatchet":{"ephemeralKeyPair":{"pubKey":"BaC3ElIv4peOVQNhlcfHp7uMRN3Uk//Tr7Ruep+4pRo0","privKey":"6HBrVkMgIqvzHQuDnIRcyXTN9ayMblaValhb805It34="},"lastRemoteEphemeralKey":"BYDlC6HAsACYqas0ZDy58EdvvSIDn3ACKdX5rF7QDsY3","previousCounter":0,"rootKey":"vZzMZmnEjp8QDqtGVLyftssFj8VVSQxCvipOzX+KtCE="},"indexInfo":{"baseKey":"BTMxOM6OqlkdPlUgIIphANveqlaEm3XY/H313dy0jNwN","baseKeyType":1,"closed":-1,"used":1738018163610,"created":1738018163610,"remoteIdentityKey":"BRmfdXXOhOOsCSBWl4Bq38rvDyR4sXsmacluTZmvTthg"},"_chains":{"BaC3ElIv4peOVQNhlcfHp7uMRN3Uk//Tr7Ruep+4pRo0":{"chainKey":{"counter":33,"key":"N5l24I2QqqzRiqOSmKLQ5BKXtc1LzCYGbHazoDRSZtc="},"chainType":1,"messageKeys":{}}},"pendingPreKey":{"signedKeyId":1,"baseKey":"BTMxOM6OqlkdPlUgIIphANveqlaEm3XY/H313dy0jNwN","preKeyId":6}}},"version":"v1"}