{"_sessions":{"BWDLVX6dlrXuFXk5CLgPSvpxcdZxH18q8gbVGfO6Xfls":{"registrationId":10152,"currentRatchet":{"ephemeralKeyPair":{"pubKey":"Bb1uQO6nZeYaqV4VgI7ydYuc6k68mScKoz5zXMpqCGdT","privKey":"oNFtuk2m1tlKKBiBGGIO0MaoT4d3uu097+3JlBCq8G8="},"lastRemoteEphemeralKey":"BenyQnoMhKOSSBKdS6mMnLQJde1QXMNhhAgFR8dZBGRZ","previousCounter":1,"rootKey":"5t1BiUbmYg75hwgyqYZ2x9CT2Gj7rcgzYqpJFE99XWo="},"indexInfo":{"baseKey":"BWDLVX6dlrXuFXk5CLgPSvpxcdZxH18q8gbVGfO6Xfls","baseKeyType":1,"closed":-1,"used":1738023021273,"created":1737958013537,"remoteIdentityKey":"Bc0tyVd1nLhtuWBszuqbp0o8BUa8TiHW1s3i4060T4tQ"},"_chains":{"Be/E7+UL4KBiQMPtU9JYBPI70wy0yrO/8x/n7Vi4fPdl":{"chainKey":{"counter":0},"chainType":2,"messageKeys":{}},"BRZ0uG2sC4jO3yJVwLF0RIPq6cYl0QQwVOaf0ASY3itP":{"chainKey":{"counter":0},"chainType":2,"messageKeys":{}},"BTno+e4l1QaroT+1d/f4p1AFuBE46xOf685tRlp2aVF5":{"chainKey":{"counter":0},"chainType":2,"messageKeys":{}},"BVm80ddDjIuzoTjVTxUQRuBGeoSjvYvFVaYW7XeR1YYX":{"chainKey":{"counter":0},"chainType":2,"messageKeys":{}},"BUQ2svivEKQyWbPh9M3YoFp1VeuFjhLFVPRuMin6rMJ8":{"chainKey":{"counter":0},"chainType":2,"messageKeys":{}},"BYj7vwEspp+gqEbRyoSckPv6UnL9m/sVtaFMlDvDdeBR":{"chainKey":{"counter":0},"chainType":2,"messageKeys":{}},"BZKadPmZ0PT3a3ZH1HGGYNHGm8Gmmho/X4pJ6dMC9F1b":{"chainKey":{"counter":0},"chainType":2,"messageKeys":{}},"BUrW9ztGBIH2/v9bTtCPShyPanyhLqgk9d1oJq6dMQl1":{"chainKey":{"counter":0},"chainType":2,"messageKeys":{}},"Bc0VVDOYPKfIxqE9Hig5txrXmY8cbEC2IKEiUbW8D1pM":{"chainKey":{"counter":0},"chainType":2,"messageKeys":{}},"BaZL2Rox0HZxtC7mnPeOb2nhi3OyFP0Q/uemMVtfKMYe":{"chainKey":{"counter":0},"chainType":2,"messageKeys":{}},"BYOniCBLbTsSeXnOOWxDZpMdzHFxrusIVNldJlX637hG":{"chainKey":{"counter":1},"chainType":2,"messageKeys":{}},"BeZCjkfwv7zrcAZM+6aSl9Z+vjKo9qPlJAjkwuSsJBVi":{"chainKey":{"counter":3},"chainType":2,"messageKeys":{}},"Bdv0+W8f+gmNF6ZhNxrG6m2JAYoOHYaZUtpiqD3Mfhd8":{"chainKey":{"counter":0},"chainType":2,"messageKeys":{}},"BQOGIJM83ofqmK791hHuSo+g3v8bZ5wz+ZY/Lf6mAr4c":{"chainKey":{"counter":0},"chainType":2,"messageKeys":{}},"BQ14ZHNIptn762OD1vFlmAJFMfh9RUJ7V3ZC3Z3s9gM3":{"chainKey":{"counter":0},"chainType":2,"messageKeys":{}},"BRarXrIv671WSY9BE7slHa8LfUXNChGjq3pXi1MB2ToF":{"chainKey":{"counter":0},"chainType":2,"messageKeys":{}},"BY3urrSNyfoq9eW7DFQfjaR/2pck4UqkwI/5EWlTslEv":{"chainKey":{"counter":0},"chainType":2,"messageKeys":{}},"BWSj9r/vXC6wGb0fYbC3ASfp1zxg14GQspmerpzJKxoi":{"chainKey":{"counter":0},"chainType":2,"messageKeys":{}},"BVSpttSV3V6I1Vk3cV7tKcKcb1gpWnMsOHb/6mN8G8gx":{"chainKey":{"counter":0},"chainType":2,"messageKeys":{}},"BdLC4n8ariVF7UF1Grprw9+ELv+tF+txkm1BoqIPtIw9":{"chainKey":{"counter":0},"chainType":2,"messageKeys":{}},"BUF3M6LLUESBi3+DyEnAqsC5BOpA4hxs2JZ6HzOUbRlp":{"chainKey":{"counter":0},"chainType":2,"messageKeys":{}},"BZDzSYj+o8/wDanEX/WguPXxdlp1AAKMI6GFUrp70Agu":{"chainKey":{"counter":0},"chainType":2,"messageKeys":{}},"BenyQnoMhKOSSBKdS6mMnLQJde1QXMNhhAgFR8dZBGRZ":{"chainKey":{"counter":0,"key":"9J3jCGa++0L4GkM/do3QSUEayola3tqBZ5OrQ7cM5Gk="},"chainType":2,"messageKeys":{}},"Bb1uQO6nZeYaqV4VgI7ydYuc6k68mScKoz5zXMpqCGdT":{"chainKey":{"counter":2,"key":"UsqkFZWUuQNDC10GfFjuBVDlgsCn1dikGW24BkT5jCs="},"chainType":1,"messageKeys":{}}}}},"version":"v1"}