{"_sessions":{"BZVMgPhku7rD54E80a4p2UvtkjMEyP+axJeeNAPwchl4":{"registrationId":482064138,"currentRatchet":{"ephemeralKeyPair":{"pubKey":"BZwe0rmA6iJ+8SEKyhSHRnPn4OFnjHdAs+8yLek7j7kM","privKey":"mMKhksXLX050L3t2Nwbja199ro/qzGByxpjRm9JHrHs="},"lastRemoteEphemeralKey":"BQU4RkmwOuufrlJ24crmn7soYXWWvLKN9mxi8HnXzdIs","previousCounter":0,"rootKey":"lYgHmP9l7ZMZjdy8SkIAJ02kdYn+NuwF+FqoG+no5kc="},"indexInfo":{"baseKey":"BZVMgPhku7rD54E80a4p2UvtkjMEyP+axJeeNAPwchl4","baseKeyType":1,"closed":-1,"used":1737957930802,"created":1737957930802,"remoteIdentityKey":"BRE5DbzDtBxPurhGMqrIq6L0kEPH9Ap6U9UVp/Zv7TYy"},"_chains":{"BZwe0rmA6iJ+8SEKyhSHRnPn4OFnjHdAs+8yLek7j7kM":{"chainKey":{"counter":0,"key":"WLiOAXT1RRjQUv4flfeR0My0940Q9SuE/t9B+F51Vms="},"chainType":1,"messageKeys":{}}},"pendingPreKey":{"signedKeyId":8,"baseKey":"BZVMgPhku7rD54E80a4p2UvtkjMEyP+axJeeNAPwchl4","preKeyId":1586357}}},"version":"v1"}