{"_sessions":{"BbSETz011deoP4bq0v/r/VxXdFZ4t59zqGro15NqkkoC":{"registrationId":15769,"currentRatchet":{"ephemeralKeyPair":{"pubKey":"BQ81Bgi5GKF96CQTpKGSyXdfJXOpzXBEt9HvJyQtLVt/","privKey":"kCaJQToh5d3UBns2op0UMCKg9+buBmQlMoc97jsPP3U="},"lastRemoteEphemeralKey":"BZl7H2zNLGZfG++QRm8orYV6CKO2KrCftfTKgf3OctEA","previousCounter":0,"rootKey":"QjNZTvcGxXXHCXDywjcnbc+lYtOa/YfRlapY09oyiUI="},"indexInfo":{"baseKey":"BbSETz011deoP4bq0v/r/VxXdFZ4t59zqGro15NqkkoC","baseKeyType":1,"closed":-1,"used":1737957930792,"created":1737957930792,"remoteIdentityKey":"BcChJQB5sL/yV21+cJtWMzqROlphqKfsjM62Eebk6ydc"},"_chains":{"BQ81Bgi5GKF96CQTpKGSyXdfJXOpzXBEt9HvJyQtLVt/":{"chainKey":{"counter":0,"key":"gmKCCbx+J+bzNwbN4K+iE2HpzKN46ppGhUqLsY27b5k="},"chainType":1,"messageKeys":{}}},"pendingPreKey":{"signedKeyId":1,"baseKey":"BbSETz011deoP4bq0v/r/VxXdFZ4t59zqGro15NqkkoC"}}},"version":"v1"}