{"_sessions":{"BTRRmcVVqlast3rxgiAaSsm1eImMmyRuCkAoDFOr7pk7":{"registrationId":961958743,"currentRatchet":{"ephemeralKeyPair":{"pubKey":"BRAi7hDyIkFNOycTmJAASu6lDc+qLus3Zn6UtUFjrUpX","privKey":"AGfchBbLC0hKgWPGqwvVobMB+UYIclmiLRaGSUCIuGo="},"lastRemoteEphemeralKey":"Bdya0eUJ78syFzTjsm+o6rNADoCV/uSdXAS1s8BAbm8X","previousCounter":3,"rootKey":"Vd1aqyjBWXblrM0Xr3KEA8ZJe7OXJGRxYpYXZElBbaA="},"indexInfo":{"baseKey":"BTRRmcVVqlast3rxgiAaSsm1eImMmyRuCkAoDFOr7pk7","baseKeyType":1,"closed":-1,"used":1738018167650,"created":1737958013542,"remoteIdentityKey":"BU1F0MVUpvGl68SGL4eNUKDKTkHpDXxU41lcuqYTYj1q"},"_chains":{"BeD5XDAszG1XOkOWnpW1LrmQ+szlNr+Ti9/E2jfJOEoU":{"chainKey":{"counter":0},"chainType":2,"messageKeys":{}},"BUyIbPKnAitESHntMfjjAw/SP39GuJqEF9o2ST0MRdYg":{"chainKey":{"counter":0},"chainType":2,"messageKeys":{}},"BTLKcTuBN6vHma4s3h+4AGuHXZU9l1vDLxjaG26614oJ":{"chainKey":{"counter":0},"chainType":2,"messageKeys":{}},"BTvXTFyVQ5zX2/WZjb+eJkI4Wu0FX6bUE/0ZCDXoM7Mv":{"chainKey":{"counter":0},"chainType":2,"messageKeys":{}},"Bcj0g3lB88vQmuClux+dQL+o78T66ysmoHxtbm0+5wo9":{"chainKey":{"counter":0},"chainType":2,"messageKeys":{}},"BYREZ0UAk4nSK1PNr/KMqQMN9t18V1iRMekXgsbZkONh":{"chainKey":{"counter":0},"chainType":2,"messageKeys":{}},"Ba8ZDFp4oWk6eOe12Y9GoyhrS9KHeW/PnZ3zsj2GAohv":{"chainKey":{"counter":0},"chainType":2,"messageKeys":{}},"BWSEwcK3nIVX0u8pvQKLyIRNt/UzNieeMY3Lv8d0HFBJ":{"chainKey":{"counter":0},"chainType":2,"messageKeys":{}},"Bew2aBfbglm5DK0ZHRDP++31yPxxBfdt73xC4MKSC1MV":{"chainKey":{"counter":2},"chainType":2,"messageKeys":{}},"BaOfQKUY8CPSs55V8D1lML/B58cDWrEg0+IPQCH+1WER":{"chainKey":{"counter":2},"chainType":2,"messageKeys":{}},"BWnnqsmXoBh4uJX122duMn0HynO1Z8tT2cm53pM7iw5X":{"chainKey":{"counter":0},"chainType":2,"messageKeys":{}},"BUrdYdOswbRwy4flcVM2WOCyNy6Q4DJSKE2DsEmDZdY0":{"chainKey":{"counter":0},"chainType":2,"messageKeys":{}},"BcxAx9qXjbXy99uXB9yasYIvh6NkbVY5J+D3Nt0n5zpp":{"chainKey":{"counter":0},"chainType":2,"messageKeys":{}},"BXQyNw3AebD/PlA5PJKdsoLCUgY0TrRqbV1mldcQj5g+":{"chainKey":{"counter":0},"chainType":2,"messageKeys":{}},"BZwXyl8LJUMJKmt5+SW+FaOHZ3rR4cemK60qFYjL6adT":{"chainKey":{"counter":0},"chainType":2,"messageKeys":{}},"BebQYyWBIyuKIcdB4ykCW1HSQjHAB8RFBLUeNEdu/O06":{"chainKey":{"counter":0},"chainType":2,"messageKeys":{}},"Ba1trljvxDFBpTPEAsMjFcA6lXIo1qmqrxRNUff9lyYz":{"chainKey":{"counter":0},"chainType":2,"messageKeys":{}},"BY47nzaNXMAKKnqB60H9XZZYjKzd85/WkOINmJkH3VkF":{"chainKey":{"counter":0},"chainType":2,"messageKeys":{}},"BcdepqBh9Os0RcdoQCUoJJWkJ0P1LjSYPg30OQUjfssz":{"chainKey":{"counter":0},"chainType":2,"messageKeys":{}},"BfW1EcISoorkOj0jMFJwcGLFTdtJ4Bsg3C7YrBRIU/Jt":{"chainKey":{"counter":0},"chainType":2,"messageKeys":{}},"BTfHbLlLF18Izop+v154GAju35TXugPr1XDjvEovNo5P":{"chainKey":{"counter":0},"chainType":2,"messageKeys":{}},"BcWAwXeLxVm4e3o9E9+G0+wfXzA+4BfN0p0wR2dM56gd":{"chainKey":{"counter":0},"chainType":2,"messageKeys":{}},"BfI6NeK+IzFGVgcjliZFPZ7Jk7HpLkHL98j7aR9izdkl":{"chainKey":{"counter":0},"chainType":2,"messageKeys":{}},"BXUW2u3ILb64PBezDFsTQmdMkuUESmGosFDaNgFL7GIZ":{"chainKey":{"counter":0},"chainType":2,"messageKeys":{}},"BQwOjReiZ5eiqlbMNvELgApR47vX8ZD25ocQAXQ+TQMr":{"chainKey":{"counter":0},"chainType":2,"messageKeys":{}},"BWixDP+41KfIOSQtWzN14QTQRBJsCGpefqlwoJNcpw8Z":{"chainKey":{"counter":0},"chainType":2,"messageKeys":{}},"BZbWy1t6lnHQUNCqzPwGiQtNTkZXpSvTWrUxtfthK7gq":{"chainKey":{"counter":0},"chainType":2,"messageKeys":{}},"BeBwj9GW/wYfSoyFpjjCz2SUzBomefTAIPZQ4uAu/AMv":{"chainKey":{"counter":0},"chainType":2,"messageKeys":{}},"BTMUy6DnwqoNLtjuBEHvPnAgRCrj/90MGVL/9PX9lDls":{"chainKey":{"counter":0},"chainType":2,"messageKeys":{}},"BYVMkAIZzdTJFUBI2YoTjS1zryLWcSfCzshZHp9YDf4U":{"chainKey":{"counter":0},"chainType":2,"messageKeys":{}},"BT9XI5ucoMU3C1bJJRWllIH5V/ThkzYEVzk5ljkjgxgV":{"chainKey":{"counter":0},"chainType":2,"messageKeys":{}},"BaG6RxkWBbCb68/rUBmkWnn3wI9fcVB8ppXk4mHtTedG":{"chainKey":{"counter":0},"chainType":2,"messageKeys":{}},"BRdKMz4EVkwtPTWVwA5od4cq/c49/HD06Iem0pLf2Wo3":{"chainKey":{"counter":0},"chainType":2,"messageKeys":{}},"BWhd4u8OSJKru5VW81EGHkzPPNpvtGKUPrefNOyKhYJH":{"chainKey":{"counter":0},"chainType":2,"messageKeys":{}},"BaZa7ziMj2i4W82AvHiiu8alrUgTD5GGL4EgEDYIoj4h":{"chainKey":{"counter":0},"chainType":2,"messageKeys":{}},"BXh6855vdWnI5MGyahFnrlPlJOlwGIudA6ZWc1Vz1B0Y":{"chainKey":{"counter":0},"chainType":2,"messageKeys":{}},"BUh050lQ0nXufIgKIFKK23PrgpEDV5lUb5yl0oU3QAsw":{"chainKey":{"counter":0},"chainType":2,"messageKeys":{}},"Bdya0eUJ78syFzTjsm+o6rNADoCV/uSdXAS1s8BAbm8X":{"chainKey":{"counter":91,"key":"uJIGeLuOhNhBkfabs58zeS6JHXh7cYHVOosI5RIIWzY="},"chainType":2,"messageKeys":{}},"BRAi7hDyIkFNOycTmJAASu6lDc+qLus3Zn6UtUFjrUpX":{"chainKey":{"counter":32,"key":"/eTOJgPPrzmSPu9ARgeqtkump3hS2aq5+W+vLTBq8kg="},"chainType":1,"messageKeys":{}}}}},"version":"v1"}