{"_sessions":{"BTGbh5sOmXml/JIrWzo+/+PpxnZa7zKSXgvY7433NMUX":{"registrationId":181,"currentRatchet":{"ephemeralKeyPair":{"pubKey":"BeAWC4VoWWy5XU8bpO21lGA/LnDj+gvY5FSwt1objJdX","privKey":"uPul0WiIzl8WoIwGQcvbLHndRE2ORgmBCjx7lBw5IFE="},"lastRemoteEphemeralKey":"BTaWhy+8F7/wL7efZpJODCZHzur3moMBkl+Tnxv3K99J","previousCounter":0,"rootKey":"bzagpRo/jkOTChuGYzIAvj6IZAhr7Nr+qpBKgNJ1sTM="},"indexInfo":{"baseKey":"BTGbh5sOmXml/JIrWzo+/+PpxnZa7zKSXgvY7433NMUX","baseKeyType":1,"closed":-1,"used":1737957930784,"created":1737957930784,"remoteIdentityKey":"BY7lUxxWe9HqWXgm70E1eUJ5dEeSbtkRpYQpXHF6Db5m"},"_chains":{"BeAWC4VoWWy5XU8bpO21lGA/LnDj+gvY5FSwt1objJdX":{"chainKey":{"counter":171,"key":"yJQibZf+S2nxn7h0MkzhCFGezVpWYh7r/6IMZ1CMGOY="},"chainType":1,"messageKeys":{}}},"pendingPreKey":{"signedKeyId":1,"baseKey":"BTGbh5sOmXml/JIrWzo+/+PpxnZa7zKSXgvY7433NMUX","preKeyId":20}}},"version":"v1"}