{"_sessions":{"BTrPh0akq+fogBnCZ+s9juNl2gCocUJQ6R5Ls99nInQC":{"registrationId":15434,"currentRatchet":{"ephemeralKeyPair":{"pubKey":"BU378aDxJAuQyVYJNiS1zZJkKquW/yP1ltcQ6CT8F0Er","privKey":"UFVk2+j9fcxDj7ehGNRmeI9xFUE5V5ENBXbrxppZj0Q="},"lastRemoteEphemeralKey":"BWVZ/fLOeE/3qvDR39L3nDfyTw6s3Gjut/uB0Hn924Zk","previousCounter":0,"rootKey":"VFwIz5brk/05oGVvi6jBl99OQPdsSWaQmMshasp+IMk="},"indexInfo":{"baseKey":"BTrPh0akq+fogBnCZ+s9juNl2gCocUJQ6R5Ls99nInQC","baseKeyType":1,"closed":-1,"used":1737957930788,"created":1737957930788,"remoteIdentityKey":"BVBHXun+hb+dbg9qFhGN+R3Ciaf0phlmnbWfv8YGDuVI"},"_chains":{"BU378aDxJAuQyVYJNiS1zZJkKquW/yP1ltcQ6CT8F0Er":{"chainKey":{"counter":0,"key":"AzNg/kjd+0km/jXNuUNJB+RtNyTXNoJDGJINFkmwQGw="},"chainType":1,"messageKeys":{}}},"pendingPreKey":{"signedKeyId":1,"baseKey":"BTrPh0akq+fogBnCZ+s9juNl2gCocUJQ6R5Ls99nInQC"}}},"version":"v1"}